participant_id,primary_colour,secondary_colour,tertiary_colour,canberra_postcode,gender,country_background,years_of_residency,age,recognising_correct_canberra_city_branding,promote_city_using_current_branding
P001,#A043BA,#E16038,#03A839,2600,Male,Other,28,55,3,2
P002,#3C1655,#4071E1,#4AE531,2607,Female,China,15,22,1,4
P003,#4A5534,#EA92B2,#6FA8AD,2601,Male,Australia,21,16,3,1
P004,#3FE5A6,#E74384,#9E63F8,2602,Male,China,10,62,2,4
P005,#969748,#FA1ECC,#5420BB,2904,Male,Malaysia,7,32,3,5
P006,#92C8C8,#050EED,#40EF17,2602,Male,India,31,30,2,3
P007,#89FECB,#B6A5E7,#310890,2601,Male,China,3,29,3,1
P008,#8478BE,#93761A,#56D0AA,2601,Female,Other,22,23,1,2
P009,#38227D,#1CD1A8,#01C367,2615,Male,India,25,62,4,3
P010,#EC4BBC,#A7330B,#0507E8,2601,Male,India,5,21,1,2
P011,#6F9901,#A954A5,#42A7EE,2600,Female,South Korea,37,58,1,5
P012,#34EEE5,#2DB9FA,#0D4AF2,2603,Male,Other,36,62,3,3
P013,#9B3A47,#ED1640,#CA4B86,2600,Male,China,10,49,1,3
P014,#9224EC,#DE331C,#E692ED,2605,Female,Australia,12,20,3,4
P015,#CDC4C1,#DD3D74,#C3035D,2609,Female,Japan,33,52,5,3
P016,#F1F2F4,#16B598,#694B0E,2905,Male,Philippines,28,42,3,5
P017,#5DB446,#6426FA,#E94804,2900,Female,Nepal,29,17,2,5
P018,#7EC218,#A5DCA3,#3037D1,2900,Male,Other,25,16,4,2
P019,#2BEDEC,#3CB78E,#127885,2902,Female,Malaysia,29,20,2,4
P020,#7CD4C7,#37B35E,#126236,2612,Female,Vietnam,4,28,4,4
P021,#E9BDC6,#05CDF6,#B89336,2600,Female,Philippines,26,29,2,4
P022,#EF8E9A,#16D245,#75E4F6,2602,Female,Australia,35,47,3,2
P023,#ACACF3,#022A93,#BC29B1,2605,Female,China,38,53,3,5
P024,#AF6B1B,#A1CD91,#FC5658,2612,Male,Vietnam,32,16,4,3
P025,#ADB6BF,#4C876B,#4DD1E3,2902,Female,Philippines,2,50,3,2
P026,#75449E,#883368,#37B704,2615,Male,New Zealand,38,27,4,5
P027,#86B5B4,#41318C,#237BF8,2611,Male,United Kingdom,19,60,3,2
P028,#4B2004,#FAC104,#75F4D1,2602,Female,Nepal,5,56,1,2
P029,#294F1C,#9C3877,#DF499B,2606,Male,New Zealand,6,59,2,2
P030,#826B70,#44D134,#C9C313,2604,Female,India,5,49,2,3
P031,#9DE774,#64879E,#B903AD,2906,Male,Japan,18,41,1,2
P032,#7AE29A,#7155AD,#5B4FD8,2902,Male,Philippines,17,29,1,4
P033,#DD0D70,#897704,#24E70A,2607,Male,New Zealand,36,43,5,4
P034,#1FE71D,#7B84DF,#386E8E,2602,Female,Vietnam,22,52,5,3
P035,#D449F7,#285887,#53B93C,2601,Female,Other,31,32,4,4
P036,#FCA2F2,#F51D1E,#02DF1C,2609,Female,South Korea,26,15,1,3
P037,#DD65BC,#D01AEF,#B61AD7,2611,Male,Australia,21,63,1,3
P038,#5636A2,#296A79,#3A7AE7,2611,Male,China,29,25,5,3
P039,#A64D36,#7399F4,#FA49AB,2601,Female,New Zealand,15,59,3,2
P040,#A9ABAD,#AEA479,#B14B22,2905,Female,Malaysia,33,42,2,3
P041,#EFF4DC,#71C3AA,#6D8164,2603,Female,Philippines,17,36,4,3
P042,#130E8E,#31DE46,#2F471E,2604,Female,Nepal,24,32,5,4
P043,#9BEAD9,#F4B373,#5F5EA0,2609,Male,China,30,24,2,5
P044,#F05FC3,#D89D3C,#C94FF8,2605,Male,Japan,2,28,1,3
P045,#C3520B,#8B7C81,#8F0CD8,2902,Male,Australia,31,63,4,4
P046,#A7E119,#14A85F,#8791BD,2905,Male,Vietnam,29,36,2,4
P047,#57616A,#52E1D1,#1BC898,2612,Male,Vietnam,23,21,4,1
P048,#F9593A,#31D5C9,#CDFD9A,2600,Female,Australia,12,20,3,3
P049,#522A1B,#F18672,#45F9E2,2601,Male,New Zealand,29,39,4,4
P050,#963851,#A9843F,#03FCC4,2603,Male,Nepal,28,21,2,4
P051,#838A56,#B67156,#6A46F2,2902,Female,China,28,37,1,2
P052,#661DB3,#C1A83C,#5FA214,2605,Male,Japan,5,37,4,4
P053,#CC7E9A,#9DA217,#440847,2601,Female,New Zealand,5,53,1,5
P054,#969FB0,#E9398F,#7CDF1A,2601,Male,Other,29,31,5,5
P055,#95E6CA,#0A5586,#4DF921,2604,Female,New Zealand,26,17,5,1
P056,#46CDAD,#BA8A65,#523F73,2604,Male,China,19,61,1,5
P057,#CDE05C,#262DCC,#276A37,2611,Female,United Kingdom,35,44,3,4
P058,#E3A97C,#C86239,#D075EB,2904,Male,New Zealand,6,49,2,3
P059,#78D1ED,#EE6656,#1351B5,2604,Male,Australia,19,22,4,2
P060,#C79E03,#2F96C3,#13A91D,2903,Male,Japan,33,39,2,2
P061,#40592A,#85F8C8,#0D065B,2614,Male,Philippines,16,20,1,5
P062,#B508D2,#C7BAC1,#C74030,2611,Female,Malaysia,31,50,1,2
P063,#4D0A4C,#667F52,#B5C416,2900,Male,Malaysia,19,33,1,1
P064,#547B27,#7BE96A,#C0A68B,2605,Male,India,39,55,4,1
P065,#23A5F0,#275712,#554F02,2904,Female,Malaysia,8,54,3,4
P066,#39BF32,#12BFCF,#FAB844,2605,Male,Philippines,33,38,1,2
P067,#C37597,#F2E16B,#766925,2602,Female,Nepal,34,51,2,5
P068,#A2F6E0,#1225B5,#FED4A8,2604,Female,South Korea,35,27,5,2
P069,#9929E5,#E0D1FC,#43990E,2905,Female,Japan,20,60,2,4
P070,#410773,#95BBDF,#258574,2607,Male,China,4,19,4,5
P071,#6FEDEB,#32F7E7,#167390,2611,Female,South Korea,31,17,5,1
P072,#D6EBC5,#693818,#C4FA1F,2615,Female,Philippines,36,57,2,2
P073,#9600BC,#82E2E5,#69D988,2903,Female,Nepal,2,29,3,1
P074,#F9CBB0,#7FCC9B,#92A9D2,2607,Male,South Korea,8,64,1,4
P075,#52B6CE,#DB0235,#A852E5,2614,Female,South Korea,31,33,2,3
P076,#83F443,#B55EC4,#1A6FDF,2604,Female,Australia,19,20,1,3
P077,#EAB3D4,#841B30,#E33157,2604,Male,Malaysia,11,29,4,4
P078,#AC440C,#A3BD0E,#6DE0DC,2605,Female,Australia,1,21,5,5
P079,#1F4F87,#FD7312,#742BC9,2606,Male,South Korea,26,39,4,5
P080,#561F7E,#067459,#9453A7,2605,Female,Japan,33,32,3,1
P081,#AF53F7,#7F5BEC,#CDCA9C,2904,Female,Malaysia,24,44,5,1
P082,#088925,#813918,#C78707,2611,Male,Vietnam,17,55,1,2
P083,#9051FE,#1E06CC,#FA6F6D,2615,Female,China,35,38,3,1
P084,#288B30,#04A88D,#354EB1,2900,Male,United Kingdom,14,25,1,5
P085,#09B0B6,#33D084,#DB59A5,2611,Male,Japan,34,38,4,3
P086,#489B2A,#805A68,#B64283,2607,Female,Other,10,37,4,1
P087,#8F8233,#AED1B3,#4A9D3C,2905,Male,Nepal,14,28,3,3
P088,#F0EF1F,#7393E8,#C68548,2903,Female,China,31,57,3,2
P089,#569324,#E96256,#D7AA4D,2903,Female,India,23,32,2,5
P090,#7E8A00,#DFAC6D,#3B0859,2903,Female,Australia,1,59,5,4
P091,#084F0D,#ACE112,#38D465,2615,Female,South Korea,16,58,2,3
P092,#ADADC1,#680027,#6C9D18,2601,Male,United Kingdom,37,56,3,1
P093,#EA48A2,#D032DD,#E499DA,2905,Female,Vietnam,9,19,1,5
P094,#B51319,#99F5AC,#738629,2615,Male,South Korea,19,53,2,1
P095,#12BAB5,#104542,#278605,2602,Female,Vietnam,1,55,4,4
P096,#CB8F38,#A24422,#44C5FB,2903,Male,Nepal,7,25,3,1
P097,#F59C55,#DDF25F,#35FF4B,2903,Male,Philippines,25,49,4,3
P098,#1998A8,#F7B74B,#DC67A3,2604,Female,Vietnam,5,61,5,4
P099,#98ED60,#FBC9E1,#3A299A,2615,Female,Vietnam,7,30,1,3
P100,#3B8B35,#7AB2F7,#4E1DB5,2612,Female,United Kingdom,34,25,3,4
P101,#1B710B,#051CEB,#88567C,2605,Male,Japan,28,44,1,5
P102,#E76034,#BC9C85,#31A7F5,2615,Female,South Korea,8,39,3,4
P103,#9DB491,#2142B8,#6262AB,2605,Male,Nepal,19,32,2,3
P104,#D9DF73,#68A67B,#729C30,2607,Female,India,30,55,4,5
P105,#8948F8,#CC736B,#A3D04D,2602,Female,China,16,59,5,3
P106,#D969CD,#C9892F,#49F8ED,2604,Female,Australia,18,50,2,2
P107,#3BDCA7,#9467AE,#184E5F,2612,Male,Other,6,29,4,3
P108,#DC6FD7,#5482DC,#EC0AD0,2605,Female,Nepal,1,58,2,2
P109,#E4DE15,#1AA0AB,#C61131,2906,Male,Malaysia,29,35,1,3
P110,#DF6216,#B15E2C,#C2F280,2605,Female,Philippines,14,64,2,4
P111,#973E21,#B56C3A,#39B4F0,2611,Male,Malaysia,39,64,2,4
P112,#40EF71,#798FFE,#2D95AC,2602,Male,South Korea,5,18,3,2
P113,#00C8A8,#6B1894,#483C86,2602,Female,Other,28,29,2,1
P114,#3E190A,#A20207,#58D45B,2609,Male,Australia,22,17,4,3
P115,#84FA78,#0D22CE,#A1B0D0,2601,Female,Philippines,25,35,2,1
P116,#8EB656,#B4158E,#2CFF17,2611,Female,Philippines,6,40,4,1
P117,#54CB35,#FFCB8C,#2E08AB,2600,Female,Australia,25,32,3,1
P118,#3F6FF2,#403D6E,#7B98A6,2906,Male,Vietnam,9,19,3,3
P119,#DE6D57,#3F2C11,#7515C7,2902,Female,China,6,28,3,5
P120,#0D5135,#8A4F06,#7B37C2,2600,Male,United Kingdom,9,51,4,3
P121,#AF19E1,#F3AC1D,#C1F0E6,2615,Female,Australia,25,60,4,2
P122,#5E4729,#9A7E71,#66AC3F,2905,Male,Vietnam,23,35,5,4
P123,#595409,#0C4C75,#932338,2601,Male,South Korea,25,28,2,2
P124,#35B59B,#592FDC,#F82009,2600,Female,Australia,22,56,2,2
P125,#52CD02,#B21851,#BA955F,2900,Female,Japan,21,46,5,5
P126,#C3924B,#2BFF6F,#F09EF3,2906,Male,Nepal,10,40,1,2
P127,#55AFDA,#B503B5,#CB0762,2900,Female,Vietnam,23,56,4,1
P128,#DC9C37,#C00415,#E21FF5,2903,Male,Vietnam,11,44,4,2
P129,#05F68E,#8A4168,#7001DA,2903,Male,China,2,24,2,3
P130,#F71C7E,#4A6562,#074D92,2603,Male,Japan,23,31,5,4
P131,#F98DD6,#8D7E71,#EB8ECA,2604,Male,Nepal,12,23,2,2
P132,#26F6FA,#D4EE16,#6547DC,2906,Female,China,27,30,2,5
P133,#9CFE91,#485667,#90429B,2601,Female,Philippines,16,62,4,3
P134,#E0D447,#B1D2F7,#D46A33,2900,Female,Malaysia,24,50,1,5
P135,#C1B6C8,#92E300,#053576,2603,Male,United Kingdom,24,49,5,4
P136,#2D952E,#BB4629,#FDAA46,2600,Male,Nepal,9,31,2,5
P137,#C39FBB,#4ED734,#8990FF,2614,Female,New Zealand,7,62,1,3
P138,#FAD4BE,#42CECC,#9AABAF,2609,Female,Vietnam,25,52,1,5
P139,#B93B38,#CEA8DD,#E2124C,2605,Female,Japan,6,42,3,2
P140,#B4C544,#D7D9F1,#E8D640,2604,Male,United Kingdom,22,52,5,4
P141,#2D215F,#5073C9,#2CC266,2900,Female,Vietnam,1,40,5,2
P142,#BFEC80,#0B3E41,#8410F7,2904,Female,Vietnam,9,38,4,3
P143,#C2EC03,#F3081B,#C6AC99,2601,Male,Japan,2,29,1,4
P144,#714B3A,#06189B,#6E894C,2903,Male,South Korea,13,23,3,5
P145,#F5628E,#B73011,#97FC1B,2609,Male,Nepal,19,47,4,1
P146,#1204C5,#B1C0DA,#2579E1,2612,Male,China,26,46,4,3
P147,#F5628E,#B73011,#97FC1B,2609,Male,Nepal,19,47,4,1
P148,#045BAC,#99FA58,#B1A35A,2615,Male,Malaysia,40,63,1,2
P149,#8772C5,#54886D,#179175,2903,Male,China,26,18,1,5
P150,#8DCFAE,#8A75DD,#D5C9B5,2902,Male,China,15,22,3,3
P151,#DF48B0,#22BB19,#3E67CB,2603,Female,Australia,38,24,4,4
P152,#AF2780,#ED78E2,#9B269E,2904,Female,Vietnam,39,55,2,3
P153,#654C29,#E8D85B,#833BAE,2604,Male,Malaysia,35,25,3,1
P154,#C89FBA,#E8E601,#6004CF,2609,Male,Australia,19,58,5,1
P155,#579A83,#A68CBB,#066CAF,2601,Male,Other,17,42,5,4
P156,#DEBAC8,#9CF42A,#228668,2604,Male,South Korea,17,53,3,4
P157,#B2250E,#9A795C,#532186,2905,Female,China,23,19,2,3
P158,#54F978,#CA153A,#E30E6C,2603,Female,New Zealand,35,39,3,1
P159,#ED5C70,#E38F2F,#801ACD,2900,Male,United Kingdom,35,39,4,1
P160,#B27510,#C89346,#A60A8A,2602,Male,Other,5,53,5,1
P161,#4A94E6,#D023BC,#D4A4EF,2614,Male,Malaysia,36,44,1,1
P162,#098F4B,#E56A82,#3D32CD,2905,Female,Japan,36,48,3,1
P163,#439F5A,#341375,#AB29CF,2605,Male,Philippines,16,31,2,4
P164,#45A577,#C71A14,#DE3BAB,2600,Male,South Korea,38,50,5,2
P165,#E88F7C,#53CB47,#868ADC,2605,Male,Nepal,11,15,5,5
P166,#AFB753,#71503E,#5770F5,2904,Female,Other,17,58,5,5
P167,#2A5AD8,#6E85D7,#798221,2609,Male,India,12,61,3,5
P168,#B13CB7,#732D00,#92A090,2609,Male,Malaysia,26,22,5,1
P169,#EBDF39,#773629,#C982AE,2906,Male,United Kingdom,25,58,2,1
P170,#08EAD9,#2E9E8C,#1AE80F,2900,Female,Philippines,3,49,5,4
P171,#3CC69B,#CB1273,#D4E63B,2600,Male,Malaysia,1,63,2,3
P172,#616948,#99F638,#8287F9,2615,Male,Japan,8,32,2,4
P173,#CF18CC,#9A06AC,#D79145,2601,Female,Vietnam,40,64,5,3
P174,#B9FDA7,#3AC409,#832030,2605,Male,New Zealand,26,56,4,4
P175,#98B114,#DE5F49,#3E9461,2602,Female,Philippines,8,36,5,3
P176,#ED9BF9,#CCF779,#011AFA,2607,Female,Vietnam,23,22,5,1
P177,#B446B5,#825392,#BE3B33,2609,Male,United Kingdom,13,33,2,5
P178,#5C11F7,#0DFD55,#EE942C,2904,Female,Vietnam,15,42,5,2
P179,#0C7886,#A2FB7B,#039594,2905,Female,United Kingdom,18,25,5,3
P180,#573B5D,#422931,#43662F,2604,Female,Australia,12,44,4,2
P181,#FD8BC4,#896B0D,#7A7558,2609,Female,Australia,27,15,3,5
P182,#39A2C5,#A7BE64,#A22C5A,2906,Female,China,6,61,3,2
P183,#5AB96E,#CFB872,#D234BB,2606,Male,Vietnam,7,61,1,4
P184,#806C14,#2AE434,#A2D0AD,2612,Female,Nepal,35,31,5,4
P185,#2F897B,#E6A8E7,#314620,2904,Male,Philippines,19,47,5,1
P186,#B7C4CC,#9C83E6,#3BAD31,2607,Female,New Zealand,35,63,3,4
P187,#312177,#B752F0,#F42701,2600,Female,United Kingdom,22,26,3,4
P188,#F7C5DF,#0C173D,#DD1C3C,2902,Male,Other,3,47,4,1
P189,#8F7A45,#A0E84A,#3ED31A,2612,Male,India,18,21,1,4
P190,#C00C79,#51219E,#FA0ABC,2604,Female,United Kingdom,21,55,3,4
P191,#B06B40,#B88798,#57D9D2,2904,Male,Nepal,19,34,3,5
P192,#50A620,#DC3BA8,#687895,2612,Male,China,34,55,1,1
P193,#D2D371,#9DA8B4,#591E37,2602,Female,Japan,4,47,5,4
P194,#DC098B,#D13813,#63A9F8,2905,Female,Other,7,53,5,3
P195,#AB61C8,#8A89EE,#8FD6AD,2612,Male,South Korea,35,27,4,5
P196,#E4F76B,#F98F44,#3D0DB4,2905,Male,China,3,24,3,2
P197,#2593C1,#6EBBC2,#DB9E94,2906,Female,China,4,38,3,3
P198,#E6E1CB,#DEAA08,#595B2A,2615,Female,South Korea,37,63,1,2
P199,#6C257B,#8466BC,#73698F,2904,Male,United Kingdom,5,25,4,3
P200,#A91653,#5AC25D,#C97E3A,2604,Male,China,4,49,5,2
P201,#DD0B17,#038384,#7B2B09,2904,Male,New Zealand,11,64,3,2
P202,#C90A06,#4DAD0D,#A36F15,2905,Male,India,13,48,4,5
P203,#E03856,#255A3F,#8CAEED,2600,Female,United Kingdom,10,15,4,2
P204,#16F9A3,#32FE58,#328CD4,2904,Male,Vietnam,10,53,5,2
P205,#58F15E,#BCE667,#EEE4C1,2605,Male,South Korea,40,35,5,5
P206,#99301C,#2D7A26,#7236FE,2900,Male,Other,13,46,2,1
P207,#2F79BD,#E6C9DB,#6F98AB,2601,Male,Nepal,30,16,1,2
P208,#86B88A,#0464D7,#69082D,2902,Male,Other,33,22,2,5
P209,#FB2672,#9B374B,#ECB117,2614,Male,Malaysia,25,38,5,5
P210,#F66CE9,#A2D2B6,#4C7A12,2606,Male,South Korea,17,34,4,4
P211,#D80E39,#761938,#98D02A,2601,Male,Australia,37,30,5,3
P212,#511F24,#AB98FB,#50C5ED,2900,Male,New Zealand,31,18,1,3
P213,#563309,#F81B9C,#B6D499,2604,Female,Malaysia,32,30,2,5
P214,#34317C,#B39605,#C3AB41,2611,Female,Australia,8,51,3,3
P215,#69FD3D,#E77022,#7DE7DE,2601,Female,South Korea,21,20,5,1
P216,#3ACE5F,#40FAD9,#69DCB5,2601,Female,Vietnam,6,20,2,3
P217,#7F341C,#CE7078,#3EB8C2,2603,Male,United Kingdom,3,61,4,5
P218,#140DD5,#E1CB0C,#A3348C,2603,Female,India,11,46,1,1
P219,#F81884,#FC924E,#800E06,2602,Female,Vietnam,12,19,5,5
P220,#AB7553,#CC1EC9,#1CB14A,2902,Female,United Kingdom,15,63,5,3
P221,#E6BACE,#707572,#C921DC,2612,Male,New Zealand,35,49,4,5
P222,#698F65,#D9C6C8,#3A1E97,2906,Female,Philippines,36,64,4,2
P223,#469A9D,#5A0329,#CCCA74,2906,Female,United Kingdom,14,23,3,3
P224,#9E4F6F,#510F62,#4580BD,2614,Male,New Zealand,2,23,4,5
P225,#65668A,#736ED2,#FA210B,2903,Female,India,6,57,4,4
P226,#EBE976,#D63607,#BB4E90,2601,Female,Other,24,45,5,4
P227,#F1B8DC,#48893A,#AAA899,2612,Male,Nepal,30,50,4,5
P228,#B6FC40,#EBB907,#20FC94,2602,Male,Malaysia,5,25,3,3
P229,#24D012,#927C4B,#7CD512,2604,Female,Vietnam,25,31,4,2
P230,#3B5AC1,#264BC8,#6B72D0,2902,Female,Japan,21,48,1,1
P231,#EAF6ED,#541A6C,#BB935B,2605,Female,Malaysia,1,53,1,1
P232,#011734,#301FAD,#FAB1D2,2906,Male,China,12,42,3,4
P233,#A17FCB,#AC4C40,#6F4D21,2606,Female,India,32,28,2,5
P234,#C3AEB1,#1947E2,#AEA4BE,2906,Male,Malaysia,32,49,4,4
P235,#DCC80F,#D79E5A,#6AF18F,2602,Female,New Zealand,13,63,5,1
P236,#FA461B,#7E7300,#F36CA7,2902,Male,Australia,22,61,3,1
P237,#63A8FD,#8B31B7,#0E93A0,2601,Female,China,30,59,2,5
P238,#1D1991,#35DB61,#A85F30,2605,Female,China,8,27,2,4
P239,#252392,#CA62E1,#0EB94B,2903,Male,United Kingdom,10,60,3,5
P240,#732B9B,#91D468,#3FF9DF,2904,Male,Nepal,14,34,1,2
P241,#12DE72,#E05349,#E71082,2600,Female,Malaysia,8,40,2,4
P242,#953A5C,#51BD63,#77E2E7,2615,Female,India,30,57,2,3
P243,#F32B02,#D725E9,#CA92FD,2602,Female,Malaysia,32,56,2,5
P244,#7706D3,#63EFEE,#60FB86,2615,Female,Other,7,38,4,2
P245,#1CB635,#3F0A27,#99F72B,2605,Female,Japan,30,43,1,1
P246,#6B84CB,#993A95,#E8E506,2902,Male,Philippines,24,48,5,1
P247,#8C258A,#BCDBCC,#5E8605,2902,Female,Malaysia,34,43,1,4
P248,#BA849C,#FCF1E7,#1E4F14,2604,Female,India,14,22,1,3
P249,#6AE76B,#030CD8,#59AC7A,2904,Female,Nepal,20,30,2,3
P250,#247FC0,#572EB4,#FDBA23,2601,Female,South Korea,9,29,3,3
P251,#280555,#824E67,#2750BF,2612,Female,Nepal,19,19,5,2
P252,#CBE517,#0A1093,#55938C,2609,Male,Australia,6,36,4,1
P253,#F67980,#A6B660,#54783E,2900,Female,New Zealand,11,16,4,4
P254,#29137D,#F1FC16,#E68BC2,2605,Female,New Zealand,36,52,1,3
P255,#D48700,#4FD7AE,#67B314,2602,Female,South Korea,31,50,4,3
P256,#A7B189,#D205E2,#246E54,2904,Male,Malaysia,13,29,2,1
P257,#9255DC,#4B5852,#24C6E2,2606,Male,Malaysia,15,52,2,5
P258,#9D888C,#171DE7,#45DE9C,2612,Male,Other,20,29,1,2
P259,#2BB43F,#6C1076,#30A97E,2601,Male,New Zealand,1,15,1,1
P260,#E3E251,#DFF528,#B39190,2606,Male,New Zealand,11,19,5,1
P261,#F138B5,#97F256,#331F11,2604,Female,Philippines,19,60,1,1
P262,#51494F,#784D31,#D7A2F7,2603,Female,Nepal,34,55,1,1
P263,#2691EF,#1F59F1,#DB4B94,2615,Female,Nepal,39,18,4,5
P264,#4C147A,#2101AF,#6A2911,2904,Female,Nepal,13,29,4,4
P265,#88C80C,#FE17D7,#02ACE2,2900,Male,New Zealand,25,19,1,5
P266,#AAA97D,#867F95,#F500D5,2906,Male,Japan,22,17,1,4
P267,#555A3A,#9E1450,#57D9E4,2903,Male,Philippines,25,36,4,3
P268,#9C1A58,#C59567,#DCD840,2906,Female,United Kingdom,40,19,1,5
P269,#151C73,#CA4C68,#3697C2,2600,Male,South Korea,32,47,4,3
P270,#E89C69,#A8522A,#465D13,2900,Female,New Zealand,11,30,5,2
P271,#6133D7,#86A022,#4CA2DF,2903,Male,Australia,6,32,5,3
P272,#DE65A1,#FB21BE,#8DFE4E,2607,Male,Philippines,22,57,5,4
P273,#CBE313,#46D08B,#18734C,2604,Female,Nepal,24,46,3,1
P274,#AE0BC0,#EA46AB,#EA8370,2615,Female,New Zealand,6,28,2,3
P275,#3EEAEC,#60DDF7,#6DBEDD,2609,Male,Philippines,27,49,5,3
P276,#700AAC,#26A512,#8FDCDA,2612,Female,Nepal,9,23,2,5
P277,#DC362E,#FE3FEA,#AEF3B2,2615,Female,South Korea,17,61,1,3
P278,#2908CE,#D733FD,#4B6633,2611,Male,Vietnam,12,51,2,1
P279,#449E5A,#7025BA,#BBB410,2612,Male,Nepal,23,51,5,1
P280,#086FA2,#E02275,#71B645,2604,Female,New Zealand,24,45,3,3
P281,#9C45E5,#FC2DAC,#02304B,2900,Male,Nepal,3,30,3,5
P282,#77DD11,#D2284E,#99F896,2602,Male,Nepal,7,45,3,1
P283,#4F15E1,#507B7A,#4A5097,2906,Male,United Kingdom,4,41,3,3
P284,#CB8914,#3C6036,#6AF24C,2611,Male,Philippines,7,27,3,5
P285,#376491,#652A18,#FAABE8,2904,Male,New Zealand,30,21,1,4
P286,#4FA436,#98E886,#7BD59C,2600,Male,Other,30,21,2,4
P287,#06B5BC,#7C5EC3,#1F4A60,2615,Male,Australia,11,57,4,4
P288,#BDF979,#F5AB64,#2010FD,2606,Female,Japan,10,42,2,4
P289,#DD81C2,#61EB77,#0734D6,2612,Male,China,28,37,4,5
P290,#984779,#9AD7B8,#651E67,2903,Female,Nepal,28,42,2,3
P291,#B7789A,#EDB7EB,#66FA57,2605,Male,New Zealand,6,41,4,2
P292,#227CF7,#38F54A,#2D8C51,2607,Male,Malaysia,15,44,3,3
P293,#CCC8ED,#D910FC,#FCFC9D,2603,Male,Malaysia,7,61,1,2
P294,#E2478B,#1A52D7,#6C3C58,2602,Female,Philippines,27,18,2,2
P295,#C8C26E,#EF8AF7,#CB8156,2605,Female,Australia,26,58,1,2
P296,#E0ABA8,#46A84B,#E048EB,2902,Male,Malaysia,40,56,5,4
P297,#BEC634,#05BB2F,#4188C2,2600,Female,United Kingdom,20,56,4,5
P298,#105A50,#A14B7F,#CF9EA8,2607,Female,New Zealand,19,21,5,2
P299,#B8359D,#51BD10,#E77589,2904,Female,New Zealand,38,18,4,4
P300,#BFB628,#77F88B,#7028E1,2900,Male,China,24,40,3,1
P301,#814540,#2C6E44,#2B0810,2903,Female,South Korea,29,61,3,4
P302,#7B9C87,#77D5CA,#6368FE,2609,Male,India,2,36,3,5
P303,#AA1F8C,#F8C80A,#8F43DD,2906,Female,China,35,21,3,4
P304,#97E520,#861F84,#2C2FA0,2612,Male,Australia,4,30,4,1
P305,#5656D1,#3C97C6,#107676,2607,Male,New Zealand,36,27,1,2
P306,#CA297D,#8C2823,#FF80DF,2611,Male,Australia,4,27,3,5
P307,#4AFD3D,#42811B,#DBFE38,2612,Female,Japan,17,49,4,3
P308,#3F5790,#BA07EA,#6EBC8C,2602,Male,Japan,29,43,1,3
P309,#F696DC,#F1530B,#CAB3DA,2607,Male,Nepal,24,23,3,4
P310,#EB33D6,#D978A9,#A91214,2906,Male,Malaysia,18,42,1,5
P311,#9AE06A,#AD5D61,#8780B0,2900,Female,Philippines,1,26,2,3
P312,#190BF6,#1324A1,#7C9A54,2603,Female,United Kingdom,22,32,1,3
P313,#831971,#71FE6E,#BC0C09,2900,Male,China,4,44,1,3
P314,#D696DC,#977691,#AA0891,2600,Male,South Korea,13,30,5,2
P315,#A46B73,#C046FC,#4EC245,2614,Male,Malaysia,38,19,2,1
P316,#3D805F,#A3137B,#7BD954,2612,Male,China,30,43,1,4
P317,#303393,#BF5B32,#F51014,2606,Female,Australia,2,50,2,3
P318,#2EB582,#0DE0A6,#C1E43C,2605,Female,Other,5,21,2,2
P319,#C3659F,#30938C,#50CDDF,2903,Male,Other,6,18,4,5
P320,#18CA87,#755BB7,#46E903,2606,Female,United Kingdom,26,56,3,4
